,Datetime,Tweet Id,Username,Likes,Retweets,Text,token,tweet_tokens_WSW,tweet_tokens_stemmed
0,2023-03-15 05:40:21+00:00,1635878580327686144,QodirRajamuddin,0,0,"@MprAldo Jiwa komunis nampak sekali.
Tiap ummat Islam mendekati puasa Ramadhan pasti covid jg dtg wkt nya hhhhhhh komplak lo","['jiwa', 'komunis', 'nampak', 'sekali', 'tiap', 'ummat', 'islam', 'mendekati', 'puasa', 'ramadhan', 'pasti', 'covid', 'jg', 'dtg', 'wkt', 'nya', 'hhhhhhh', 'komplak', 'lo']","['jiwa', 'komunis', 'nampak', 'ummat', 'islam', 'mendekati', 'puasa', 'ramadhan', 'covid', 'jg', 'dtg', 'wkt', 'hhhhhhh', 'komplak', 'lo']","['jiwa', 'komunis', 'nampak', 'ummat', 'islam', 'dekat', 'puasa', 'ramadhan', 'covid', 'jg', 'dtg', 'wkt', 'hhhhhhh', 'komplak', 'lo']"
1,2023-03-15 05:40:06+00:00,1635878518436532225,azielzaaa,0,0,sebentar lagi bulan ramadhan jd latihan ga makan siang,"['sebentar', 'lagi', 'bulan', 'ramadhan', 'jd', 'latihan', 'ga', 'makan', 'siang']","['sebentar', 'ramadhan', 'latihan', 'makan', 'siang']","['sebentar', 'ramadhan', 'latih', 'makan', 'siang']"
2,2023-03-15 05:40:00+00:00,1635878491152588800,ailyqairy,0,0,"PRE-RAMADHAN CHECKLIST :

1) Bertaubat &amp; berdoa supaya berjumpa dengan Ramadhan yang mulia

2) Tingkatkan kualiti amalan dari sekarang

3) Lakukan ibadah tambahan

4) Menahan diri dari melakukan tindakan negatif

5) Berpuasa sunat / ganti supaya badan kita terbiasa untuk berpuasa","['preramadhan', 'checklist', 'bertaubat', 'amp', 'berdoa', 'supaya', 'berjumpa', 'dengan', 'ramadhan', 'yang', 'mulia', 'tingkatkan', 'kualiti', 'amalan', 'dari', 'sekarang', 'lakukan', 'ibadah', 'tambahan', 'menahan', 'diri', 'dari', 'melakukan', 'tindakan', 'negatif', 'berpuasa', 'sunat', 'ganti', 'supaya', 'badan', 'kita', 'terbiasa', 'untuk', 'berpuasa']","['preramadhan', 'checklist', 'bertaubat', 'berdoa', 'berjumpa', 'ramadhan', 'mulia', 'tingkatkan', 'kualiti', 'amalan', 'lakukan', 'ibadah', 'tambahan', 'menahan', 'tindakan', 'negatif', 'berpuasa', 'sunat', 'ganti', 'badan', 'terbiasa', 'berpuasa']","['preramadhan', 'checklist', 'taubat', 'doa', 'jumpa', 'ramadhan', 'mulia', 'tingkat', 'alit', 'amal', 'laku', 'ibadah', 'tambah', 'tahan', 'tindak', 'negatif', 'puasa', 'sunat', 'ganti', 'badan', 'biasa', 'puasa']"
3,2023-03-15 05:39:59+00:00,1635878487398690817,alravox,0,0,@jurgenholic Karena tweet-mu meyakinkan. ğŸ˜‘,"['karena', 'tweetmu', 'meyakinkan']",['tweetmu'],['tweetmu']
4,2023-03-15 05:39:58+00:00,1635878484764692482,RioRifqiR,0,0,@DayatLannister @GoldMine82 @shizy_Lia @persebayaupdate Plus rawan cedera sisan dan rumor pemain asing pengganti ne Victor teko negara paraguay,"['lia', 'plus', 'rawan', 'cedera', 'sisan', 'dan', 'rumor', 'pemain', 'asing', 'pengganti', 'ne', 'victor', 'teko', 'negara', 'paraguay']","['lia', 'plus', 'rawan', 'cedera', 'sisan', 'rumor', 'pemain', 'asing', 'pengganti', 'ne', 'victor', 'teko', 'negara', 'paraguay']","['lia', 'plus', 'rawan', 'cedera', 'sis', 'rumor', 'main', 'asing', 'ganti', 'ne', 'victor', 'teko', 'negara', 'paraguay']"
5,2023-03-15 05:39:54+00:00,1635878468339798018,GRUNGE_GO,0,0,"Marhaban Yaa Ramadhan, tinggal sebentar lagi kawan. ğŸ¤²ğŸ¼ğŸ™‚ https://t.co/tmAlnqmSL3","['marhaban', 'yaa', 'ramadhan', 'tinggal', 'sebentar', 'lagi', 'kawan']","['marhaban', 'yaa', 'ramadhan', 'tinggal', 'sebentar', 'kawan']","['marhaban', 'yaa', 'ramadhan', 'tinggal', 'sebentar', 'kawan']"
6,2023-03-15 05:39:46+00:00,1635878433900167169,MichuziJr,0,0,"Mkurugenzi wa zamani wa Uchaguzi ambaye kwa sasa ni Naibu Katibu Mkuu Ofisi ya Rais Tawala za Mikoa na Serikali za Mitaa (Afya), Dkt. Wilson Mahera (kushoto) akimkabidhi vitendea Kazi Mkurugenzi Mpya wa Uchaguzi wa Tume ya Taifa ya Uchaguzi, Ramadhan Kailima. https://t.co/iCgUFp9CtO","['mkurugenzi', 'wa', 'zamani', 'wa', 'uchaguzi', 'ambaye', 'kwa', 'sasa', 'ni', 'naibu', 'katibu', 'mkuu', 'ofisi', 'ya', 'rais', 'tawala', 'za', 'mikoa', 'na', 'serikali', 'za', 'mitaa', 'afya', 'dkt', 'wilson', 'mahera', 'kushoto', 'akimkabidhi', 'vitendea', 'kazi', 'mkurugenzi', 'mpya', 'wa', 'uchaguzi', 'wa', 'tume', 'ya', 'taifa', 'ya', 'uchaguzi', 'ramadhan', 'kailima']","['mkurugenzi', 'wa', 'zamani', 'wa', 'uchaguzi', 'ambaye', 'kwa', 'sasa', 'ni', 'naibu', 'katibu', 'mkuu', 'ofisi', 'rais', 'tawala', 'za', 'mikoa', 'na', 'serikali', 'za', 'mitaa', 'afya', 'dkt', 'wilson', 'mahera', 'kushoto', 'akimkabidhi', 'vitendea', 'kazi', 'mkurugenzi', 'mpya', 'wa', 'uchaguzi', 'wa', 'tume', 'taifa', 'uchaguzi', 'ramadhan', 'kailima']","['mkurugenzi', 'wa', 'zaman', 'wa', 'uchaguzi', 'ambaye', 'kwa', 'sasa', 'ni', 'naibu', 'katibu', 'mkuu', 'ofisi', 'rais', 'tawala', 'za', 'mikoa', 'na', 'serikali', 'za', 'mitaa', 'afya', 'dkt', 'wilson', 'mahera', 'kushoto', 'akimkabidhi', 'vitendea', 'kazi', 'mkurugenzi', 'mpya', 'wa', 'uchaguzi', 'wa', 'tume', 'taifa', 'uchaguzi', 'ramadhan', 'kailima']"
7,2023-03-15 05:39:43+00:00,1635878423565565961,RamadhanBigmoon,0,0,@kegblgnunfaedh Bodo amatğŸ˜œ,"['bodo', 'amat']",['bodo'],['bodo']
8,2023-03-15 05:39:42+00:00,1635878418528223237,minedelray,0,0,first day of ramadhan kalau masuk bikin bts pada mau gaksi,"['first', 'day', 'of', 'ramadhan', 'kalau', 'masuk', 'bikin', 'bts', 'pada', 'mau', 'gaksi']","['first', 'day', 'of', 'ramadhan', 'masuk', 'bts', 'gaksi']","['first', 'day', 'of', 'ramadhan', 'masuk', 'bts', 'gaksi']"
9,2023-03-15 05:39:37+00:00,1635878395547619328,kiosrajut,0,0,"Belanja benang rajut utk project rajutan yg terkasih, dapat CASHBACK SIAP RAMADHAN CUAN hingga 25%, hanya ada di @Tokopedia KIOSRAJUT sampai tgl. 31 Market 2023. 
Yuk buruan, klik aja :
https://t.co/mDc3IYN1PD
#tokopediaviral #Ramadhan2023 #tokopedia #jualbenangrajut #benangrajut https://t.co/LVBsiyQPOW","['belanja', 'benang', 'rajut', 'utk', 'project', 'rajutan', 'yg', 'terkasih', 'dapat', 'cashback', 'siap', 'ramadhan', 'cuan', 'hingga', 'hanya', 'ada', 'di', 'kiosrajut', 'sampai', 'tgl', 'market', 'yuk', 'buruan', 'klik', 'aja']","['belanja', 'benang', 'rajut', 'project', 'rajutan', 'terkasih', 'cashback', 'ramadhan', 'cuan', 'kiosrajut', 'tgl', 'market', 'yuk', 'buruan', 'klik']","['belanja', 'benang', 'rajut', 'project', 'rajut', 'kasih', 'cashback', 'ramadhan', 'cuan', 'kiosrajut', 'tgl', 'market', 'yuk', 'buru', 'klik']"
10,2023-03-15 05:39:24+00:00,1635878342779080704,ramadhanawang,0,0,"@ibjela Dulu tak ada internet, jadi budaya kuning sukar untuk merebak.","['dulu', 'tak', 'ada', 'internet', 'jadi', 'budaya', 'kuning', 'sukar', 'untuk', 'merebak']","['internet', 'budaya', 'kuning', 'sukar', 'merebak']","['internet', 'budaya', 'kuning', 'sukar', 'rebak']"
11,2023-03-15 05:39:09+00:00,1635878277607997440,viraanriza,0,0,"mcd  gamau ngeluarin menu yg ayam gulai lagi ta ini pas ramadhan, enak poll loo ikuuu ğŸ¥²ğŸ¥²ğŸ¥²","['mcd', 'gamau', 'ngeluarin', 'menu', 'yg', 'ayam', 'gulai', 'lagi', 'ta', 'ini', 'pas', 'ramadhan', 'enak', 'poll', 'loo', 'ikuuu']","['mcd', 'gamau', 'ngeluarin', 'menu', 'ayam', 'gulai', 'ta', 'pas', 'ramadhan', 'enak', 'poll', 'loo', 'ikuuu']","['mcd', 'gamau', 'ngeluarin', 'menu', 'ayam', 'gulai', 'ta', 'pas', 'ramadhan', 'enak', 'poll', 'loo', 'ikuuu']"
12,2023-03-15 05:38:52+00:00,1635878205914767361,kurmowin,0,0,@jihanicorn Hadir makji,"['hadir', 'makji']","['hadir', 'makji']","['hadir', 'makji']"
13,2023-03-15 05:38:51+00:00,1635878202894864384,uunewww,0,0,Vibes ramadhan udah kerasa bangetttttt,"['vibes', 'ramadhan', 'udah', 'kerasa', 'bangetttttt']","['vibes', 'ramadhan', 'udah', 'kerasa', 'bangetttttt']","['vibes', 'ramadhan', 'udah', 'rasa', 'bangetttttt']"
14,2023-03-15 05:38:33+00:00,1635878127334469632,rdkugm,0,0,"Oleh sebab itu, yuk ikuti terus informasi kegiatan selama bulan suci ramadan bersama Ramadhan di Kampus UGM satu bulah penuh. 

Sampai jumpa di serangkaian acara lainnya!","['oleh', 'sebab', 'itu', 'yuk', 'ikuti', 'terus', 'informasi', 'kegiatan', 'selama', 'bulan', 'suci', 'ramadan', 'bersama', 'ramadhan', 'di', 'kampus', 'ugm', 'satu', 'bulah', 'penuh', 'sampai', 'jumpa', 'di', 'serangkaian', 'acara', 'lainnya']","['yuk', 'ikuti', 'informasi', 'kegiatan', 'suci', 'ramadan', 'ramadhan', 'kampus', 'ugm', 'bulah', 'penuh', 'jumpa', 'serangkaian', 'acara']","['yuk', 'ikut', 'informasi', 'giat', 'suci', 'ramadan', 'ramadhan', 'kampus', 'ugm', 'bulah', 'penuh', 'jumpa', 'rangkai', 'acara']"
15,2023-03-15 05:38:23+00:00,1635878086574231554,nu_online,0,0,"Fitur ini menyediakan berbagai konten seputar Ramadhan. So, bagi yang masih belum hafal niat, amaliyah, bacaan-bacaan yang dilakukan selama Ramadhan berlangsung bisa memanfaatkan fitur ini. 

#nahdlatululama #nuonline #ramadhan #aplikasikeislaman https://t.co/64BUamLQW9","['fitur', 'ini', 'menyediakan', 'berbagai', 'konten', 'seputar', 'ramadhan', 'so', 'bagi', 'yang', 'masih', 'belum', 'hafal', 'niat', 'amaliyah', 'bacaanbacaan', 'yang', 'dilakukan', 'selama', 'ramadhan', 'berlangsung', 'bisa', 'memanfaatkan', 'fitur', 'ini']","['fitur', 'menyediakan', 'konten', 'seputar', 'ramadhan', 'so', 'hafal', 'niat', 'amaliyah', 'bacaanbacaan', 'ramadhan', 'memanfaatkan', 'fitur']","['fitur', 'sedia', 'konten', 'putar', 'ramadhan', 'so', 'hafal', 'niat', 'amaliyah', 'bacaanbacaan', 'ramadhan', 'manfaat', 'fitur']"
16,2023-03-15 05:38:17+00:00,1635878060699570176,rdkugm,0,0,"Tanggal 9 Maret lalu. Kami ucapkan terima kasih atas kehadiran dan semangat kalian yang menggebu-gebu! 

Pastinya kalian sudah tidak sabar menunggu serangkaian acara lainnya kan?","['tanggal', 'maret', 'lalu', 'kami', 'ucapkan', 'terima', 'kasih', 'atas', 'kehadiran', 'dan', 'semangat', 'kalian', 'yang', 'menggebugebu', 'pastinya', 'kalian', 'sudah', 'tidak', 'sabar', 'menunggu', 'serangkaian', 'acara', 'lainnya', 'kan']","['tanggal', 'maret', 'ucapkan', 'terima', 'kasih', 'kehadiran', 'semangat', 'menggebugebu', 'pastinya', 'sabar', 'menunggu', 'serangkaian', 'acara']","['tanggal', 'maret', 'ucap', 'terima', 'kasih', 'hadir', 'semangat', 'menggebugebu', 'pasti', 'sabar', 'tunggu', 'rangkai', 'acara']"
17,2023-03-15 05:38:07+00:00,1635878017741516802,yuk_ramadhan,0,0,@jihanicorn Tapi sorteos lebih sombong sama aku dari pada Pickaw :(,"['tapi', 'sorteos', 'lebih', 'sombong', 'sama', 'aku', 'dari', 'pada', 'pickaw']","['sorteos', 'sombong', 'pickaw']","['sorteos', 'sombong', 'pickaw']"
18,2023-03-15 05:37:52+00:00,1635877957603561473,RioRifqiR,0,0,@almif12_ @GoldMine82 @persebayaupdate Alwi ambek bestie ne pemain legend kaet liga 2 siapa lagi kalau bukan Hidayat ğŸ”¥ğŸ™Œ,"['alwi', 'ambek', 'bestie', 'ne', 'pemain', 'legend', 'kaet', 'liga', 'siapa', 'lagi', 'kalau', 'bukan', 'hidayat']","['alwi', 'ambek', 'bestie', 'ne', 'pemain', 'legend', 'kaet', 'liga', 'hidayat']","['alwi', 'ambek', 'bestie', 'ne', 'main', 'legend', 'kaet', 'liga', 'hidayat']"
19,2023-03-15 05:37:51+00:00,1635877949978312704,aleazizshua,0,0,awal ramadhan bukanya bareng temen kelas inimah ğŸ™‚ https://t.co/iPg7DvZVak,"['awal', 'ramadhan', 'bukanya', 'bareng', 'temen', 'kelas', 'inimah']","['ramadhan', 'bukanya', 'bareng', 'temen', 'kelas', 'inimah']","['ramadhan', 'buka', 'bareng', 'temen', 'kelas', 'inimah']"
20,2023-03-15 05:37:49+00:00,1635877943833669633,UGM_FESS,0,0,"haloo temenn2, bentar lagi bulan ramadhan nih, yuk perbanyak sedekah! Nih aku ada rekomendasi platform donasi, nanti bakal disalurin melalui proker2 sosial gitu, kayak bagi2 nasi, ke panti, dan kegiatan sosial lainnya! Yuk berdonasi yuk!â¤ï¸ ugm_fess https://t.co/1DrhkluZcK","['haloo', 'temenn', 'bentar', 'lagi', 'bulan', 'ramadhan', 'nih', 'yuk', 'perbanyak', 'sedekah', 'nih', 'aku', 'ada', 'rekomendasi', 'platform', 'donasi', 'nanti', 'bakal', 'disalurin', 'melalui', 'proker', 'sosial', 'gitu', 'kayak', 'bagi', 'nasi', 'ke', 'panti', 'dan', 'kegiatan', 'sosial', 'lainnya', 'yuk', 'berdonasi', 'yuk', 'ugmfess']","['haloo', 'temenn', 'bentar', 'ramadhan', 'yuk', 'perbanyak', 'sedekah', 'rekomendasi', 'platform', 'donasi', 'disalurin', 'proker', 'sosial', 'gitu', 'kayak', 'nasi', 'panti', 'kegiatan', 'sosial', 'yuk', 'berdonasi', 'yuk', 'ugmfess']","['haloo', 'temenn', 'bentar', 'ramadhan', 'yuk', 'banyak', 'sedekah', 'rekomendasi', 'platform', 'donasi', 'disalurin', 'proker', 'sosial', 'gitu', 'kayak', 'nasi', 'panti', 'giat', 'sosial', 'yuk', 'donasi', 'yuk', 'ugmfess']"
21,2023-03-15 05:37:45+00:00,1635877927463317504,ZakatSukses,0,0,"Hutang puasa Ramadhan tahun lalu sudah dibayar belum?

Allah memberikan keringanan untuk mereka yang tidak mampu lagi berpuasa dengan membayar fidyah kepada orang miskin sebagai ganti puasa.

Yuk sahabat tunaikan fidyah melalui:
https://t.co/MB1kK7ezq2
#FYP #fidyah #Zakat","['hutang', 'puasa', 'ramadhan', 'tahun', 'lalu', 'sudah', 'dibayar', 'belum', 'allah', 'memberikan', 'keringanan', 'untuk', 'mereka', 'yang', 'tidak', 'mampu', 'lagi', 'berpuasa', 'dengan', 'membayar', 'fidyah', 'kepada', 'orang', 'miskin', 'sebagai', 'ganti', 'puasa', 'yuk', 'sahabat', 'tunaikan', 'fidyah', 'melalui']","['hutang', 'puasa', 'ramadhan', 'dibayar', 'allah', 'keringanan', 'berpuasa', 'membayar', 'fidyah', 'orang', 'miskin', 'ganti', 'puasa', 'yuk', 'sahabat', 'tunaikan', 'fidyah']","['hutang', 'puasa', 'ramadhan', 'bayar', 'allah', 'ringan', 'puasa', 'bayar', 'fidyah', 'orang', 'miskin', 'ganti', 'puasa', 'yuk', 'sahabat', 'tunai', 'fidyah']"
22,2023-03-15 05:37:38+00:00,1635877899181113344,FunJunkies,0,0,"@marslillo Ramadhan tutup, buka lagi Mei","['ramadhan', 'tutup', 'buka', 'lagi', 'mei']","['ramadhan', 'tutup', 'buka', 'mei']","['ramadhan', 'tutup', 'buka', 'mei']"
23,2023-03-15 05:37:20+00:00,1635877823541051393,pikocingg,0,0,"@diethingy mending yang deket dulu, ramadhan tuh jalanan justru rame orang bukber dll. kalo macet di jalan keburu mager ga sihğŸ˜‚","['mending', 'yang', 'deket', 'dulu', 'ramadhan', 'tuh', 'jalanan', 'justru', 'rame', 'orang', 'bukber', 'dll', 'kalo', 'macet', 'di', 'jalan', 'keburu', 'mager', 'ga', 'sih']","['mending', 'deket', 'ramadhan', 'jalanan', 'rame', 'orang', 'bukber', 'dll', 'macet', 'jalan', 'keburu', 'mager']","['mending', 'deket', 'ramadhan', 'jalan', 'rame', 'orang', 'bukber', 'dll', 'macet', 'jalan', 'keburu', 'mager']"
24,2023-03-15 05:37:19+00:00,1635877818797268992,ox_ramadhan2023,0,0,"@CiervoKing Tg Tiar yanti
Dc Tiar#0424 https://t.co/TZ1R3F5cZX","['tg', 'tiar', 'yanti', 'dc', 'tiar']","['tg', 'tiar', 'yanti', 'dc', 'tiar']","['tg', 'tiar', 'yanti', 'dc', 'tiar']"
25,2023-03-15 05:36:56+00:00,1635877719069298689,0xptimism,0,0,@leviosvar @sweenpi @hpyyvrss semoga bisa bigwin sebelum ramadhan ğŸ«¶,"['semoga', 'bisa', 'bigwin', 'sebelum', 'ramadhan']","['semoga', 'bigwin', 'ramadhan']","['moga', 'bigwin', 'ramadhan']"
26,2023-03-15 05:36:52+00:00,1635877704682835969,RamadhanBigmoon,0,0,Makan makan,"['makan', 'makan']","['makan', 'makan']","['makan', 'makan']"
27,2023-03-15 05:36:49+00:00,1635877692762652673,rhuedhie,0,0,@poponkerok Nyambut ramadhan bang pon ğŸ˜Œ https://t.co/GmtMEWFMcK,"['nyambut', 'ramadhan', 'bang', 'pon']","['nyambut', 'ramadhan', 'bang', 'pon']","['nyambut', 'ramadhan', 'bang', 'pon']"
28,2023-03-15 05:36:29+00:00,1635877607978971137,rdkugm,0,0,"[AFTER REPORT PREMIERE LAUNCHING RDK 1444 H]

Assalamualaikum Sobat RDK! 

Tak terasa ya bulan suci ramadan sudah semakin dekat kini tinggal menghitung hari. Dan salah satu serangkaian acara dari Ramadhan di Kampus UGM pun sudah terlaksana yaitu Premier Launching https://t.co/CJPPJOii6g","['after', 'report', 'premiere', 'launching', 'rdk', 'assalamualaikum', 'sobat', 'rdk', 'tak', 'terasa', 'ya', 'bulan', 'suci', 'ramadan', 'sudah', 'semakin', 'dekat', 'kini', 'tinggal', 'menghitung', 'hari', 'dan', 'salah', 'satu', 'serangkaian', 'acara', 'dari', 'ramadhan', 'di', 'kampus', 'ugm', 'pun', 'sudah', 'terlaksana', 'yaitu', 'premier', 'launching']","['after', 'report', 'premiere', 'launching', 'rdk', 'assalamualaikum', 'sobat', 'rdk', 'suci', 'ramadan', 'tinggal', 'menghitung', 'salah', 'serangkaian', 'acara', 'ramadhan', 'kampus', 'ugm', 'terlaksana', 'premier', 'launching']","['after', 'report', 'premiere', 'launching', 'rdk', 'assalamualaikum', 'sobat', 'rdk', 'suci', 'ramadan', 'tinggal', 'hitung', 'salah', 'rangkai', 'acara', 'ramadhan', 'kampus', 'ugm', 'laksana', 'premier', 'launching']"
29,2023-03-15 05:36:23+00:00,1635877584000135169,winskrg,0,0,@cehlos Mau cash buat bekal ramadhan,"['mau', 'cash', 'buat', 'bekal', 'ramadhan']","['cash', 'bekal', 'ramadhan']","['cash', 'bekal', 'ramadhan']"
30,2023-03-15 05:36:19+00:00,1635877565629079552,zezecutee,0,0,Minggu depan udah ramadhan ğŸ¥º,"['minggu', 'depan', 'udah', 'ramadhan']","['minggu', 'udah', 'ramadhan']","['minggu', 'udah', 'ramadhan']"
31,2023-03-15 05:35:59+00:00,1635877480660893698,NinaAbdulRahman,0,0,"Assalamualaikum &amp; hi korang. 
Untuk jumaat terakhir sebelum masuk bulan ramadhan ni maka ini slot akhir kita buka untuk infaq di masjid selepas solat jumaat. 

Yang nak join boleh wasap Nina ye ğŸ¥°
https://t.co/QiS0QsuDWN 

#TEPUNGPELITAKETAGIH https://t.co/yP7RWIGW9s","['assalamualaikum', 'amp', 'hi', 'korang', 'untuk', 'jumaat', 'terakhir', 'sebelum', 'masuk', 'bulan', 'ramadhan', 'ni', 'maka', 'ini', 'slot', 'akhir', 'kita', 'buka', 'untuk', 'infaq', 'di', 'masjid', 'selepas', 'solat', 'jumaat', 'yang', 'nak', 'join', 'boleh', 'wasap', 'nina', 'ye']","['assalamualaikum', 'hi', 'korang', 'jumaat', 'masuk', 'ramadhan', 'ni', 'slot', 'buka', 'infaq', 'masjid', 'selepas', 'solat', 'jumaat', 'nak', 'join', 'wasap', 'nina', 'ye']","['assalamualaikum', 'hi', 'korang', 'jumaat', 'masuk', 'ramadhan', 'ni', 'slot', 'buka', 'infaq', 'masjid', 'lepas', 'solat', 'jumaat', 'nak', 'join', 'wasap', 'nina', 'ye']"
32,2023-03-15 05:35:51+00:00,1635877447483932672,RioRifqiR,0,0,"@OnJu17 @GoldMine82 @persebayaupdate Feeling ku sing bek tengah asing iku sing jarene sak negara ne Ze 
Lek sing striker feeling ku sing rumor e pemain negara paraguay pengganti ne Victor","['feeling', 'ku', 'sing', 'bek', 'tengah', 'asing', 'iku', 'sing', 'jarene', 'sak', 'negara', 'ne', 'ze', 'lek', 'sing', 'striker', 'feeling', 'ku', 'sing', 'rumor', 'pemain', 'negara', 'paraguay', 'pengganti', 'ne', 'victor']","['feeling', 'ku', 'sing', 'bek', 'asing', 'iku', 'sing', 'jarene', 'sak', 'negara', 'ne', 'ze', 'lek', 'sing', 'striker', 'feeling', 'ku', 'sing', 'rumor', 'pemain', 'negara', 'paraguay', 'pengganti', 'ne', 'victor']","['feeling', 'ku', 'sing', 'bek', 'asing', 'iku', 'sing', 'jarene', 'sak', 'negara', 'ne', 'ze', 'lek', 'sing', 'striker', 'feeling', 'ku', 'sing', 'rumor', 'main', 'negara', 'paraguay', 'ganti', 'ne', 'victor']"
33,2023-03-15 05:35:40+00:00,1635877403196264450,nu_online,1,0,"Sudahkah Anda siap menyambut Ramadhan? Berikut 7 fitur favorit di NU Online Super App yang bisa menemani ibadahmu di bulan penuh berkah ini.

Download segera di sini: https://t.co/RaNF6Fzk6E

#nahdlatululama #nuonline #ramadhan #aplikasikeislaman https://t.co/glAqPGsuBF","['sudahkah', 'anda', 'siap', 'menyambut', 'ramadhan', 'berikut', 'fitur', 'favorit', 'di', 'nu', 'online', 'super', 'app', 'yang', 'bisa', 'menemani', 'ibadahmu', 'di', 'bulan', 'penuh', 'berkah', 'ini', 'download', 'segera', 'di', 'sini']","['menyambut', 'ramadhan', 'fitur', 'favorit', 'nu', 'online', 'super', 'app', 'menemani', 'ibadahmu', 'penuh', 'berkah', 'download']","['sambut', 'ramadhan', 'fitur', 'favorit', 'nu', 'online', 'super', 'app', 'tani', 'ibadah', 'penuh', 'berkah', 'download']"
34,2023-03-15 05:35:29+00:00,1635877358094929922,AljawiRamadhan,0,0,"JODOH itu boleh jadi ujian seperti surat Al-furqan ayat 20. Contohnya: Fir'aun dijodohkan dengan Asiah istri yang shalihah Dan boleh  jadi cerminan dari diri sendiri.contohnya seperti Aisyah Ra dan Rasulullah ï·º 

#Muhasabahcinta ğŸ’•
#Munajatcinta
#istikharahcinta","['jodoh', 'itu', 'boleh', 'jadi', 'ujian', 'seperti', 'surat', 'alfurqan', 'ayat', 'contohnya', 'firaun', 'dijodohkan', 'dengan', 'asiah', 'istri', 'yang', 'shalihah', 'dan', 'boleh', 'jadi', 'cerminan', 'dari', 'diri', 'sendiricontohnya', 'seperti', 'aisyah', 'ra', 'dan', 'rasulullah']","['jodoh', 'ujian', 'surat', 'alfurqan', 'ayat', 'contohnya', 'firaun', 'dijodohkan', 'asiah', 'istri', 'shalihah', 'cerminan', 'sendiricontohnya', 'aisyah', 'ra', 'rasulullah']","['jodoh', 'uji', 'surat', 'alfurqan', 'ayat', 'contoh', 'firaun', 'jodoh', 'asiah', 'istri', 'shalihah', 'cermin', 'sendiricontohnya', 'aisyah', 'ra', 'rasulullah']"
35,2023-03-15 05:35:19+00:00,1635877313362395136,Ijusu1,0,0,Menyambut Bulan Ramadhan Polda Sumut Bersama Polres Binjai Dan TNI BNN Gerebek Penyakit Masyarakat https://t.co/Aj1Ldpuuqk,"['menyambut', 'bulan', 'ramadhan', 'polda', 'sumut', 'bersama', 'polres', 'binjai', 'dan', 'tni', 'bnn', 'gerebek', 'penyakit', 'masyarakat']","['menyambut', 'ramadhan', 'polda', 'sumut', 'polres', 'binjai', 'tni', 'bnn', 'gerebek', 'penyakit', 'masyarakat']","['sambut', 'ramadhan', 'polda', 'sumut', 'polres', 'binjai', 'tni', 'bnn', 'gerebek', 'sakit', 'masyarakat']"
36,2023-03-15 05:34:57+00:00,1635877222669225984,fadlicuy,0,0,@fairuz_azamie @SeputarTetangga Bandung jg sama bang ğŸ˜”,"['azamie', 'bandung', 'jg', 'sama', 'bang']","['azamie', 'bandung', 'jg', 'bang']","['azamie', 'bandung', 'jg', 'bang']"
37,2023-03-15 05:34:45+00:00,1635877171880423428,MD_210421,0,0,semoga bisa win sebelum ramadhan,"['semoga', 'bisa', 'win', 'sebelum', 'ramadhan']","['semoga', 'win', 'ramadhan']","['moga', 'win', 'ramadhan']"
38,2023-03-15 05:34:45+00:00,1635877170580189184,fajaronline,0,0,"Menilik Peluang Ramadhan Sananta Jadi Pilihan Utama Timnas Indonesia, Pengamat: Kesempatannya Cukup Besar Kali Ini https://t.co/nxLGDUrLVM #PSMMakassar #RamadhanSananta #TimnasIndonesia","['menilik', 'peluang', 'ramadhan', 'sananta', 'jadi', 'pilihan', 'utama', 'timnas', 'indonesia', 'pengamat', 'kesempatannya', 'cukup', 'besar', 'kali', 'ini']","['menilik', 'peluang', 'ramadhan', 'sananta', 'pilihan', 'utama', 'timnas', 'indonesia', 'pengamat', 'kesempatannya', 'kali']","['tilik', 'peluang', 'ramadhan', 'sananta', 'pilih', 'utama', 'timnas', 'indonesia', 'amat', 'sempat', 'kali']"
39,2023-03-15 05:34:41+00:00,1635877153995628545,humaspolseksed1,0,0,"Polsek Sedayu gelar pengajian dan doa bersama menyambut datangnya bulan suci Ramadhan, rabu 15/3/2023
#polisisantri 
#temanpolisi https://t.co/oBKMFYwx7v","['polsek', 'sedayu', 'gelar', 'pengajian', 'dan', 'doa', 'bersama', 'menyambut', 'datangnya', 'bulan', 'suci', 'ramadhan', 'rabu']","['polsek', 'sedayu', 'gelar', 'pengajian', 'doa', 'menyambut', 'datangnya', 'suci', 'ramadhan', 'rabu']","['polsek', 'dayu', 'gelar', 'aji', 'doa', 'sambut', 'datang', 'suci', 'ramadhan', 'rabu']"
40,2023-03-15 05:34:24+00:00,1635877081749020674,RakBukuB,0,0,buku yang akan aku baca di Bulan Ramadhan https://t.co/x5jXkHIg0U,"['buku', 'yang', 'akan', 'aku', 'baca', 'di', 'bulan', 'ramadhan']","['buku', 'baca', 'ramadhan']","['buku', 'baca', 'ramadhan']"
41,2023-03-15 05:34:10+00:00,1635877025129938944,HamzaBakar17,0,0,@FauzKhalid @DrAhmedKalebi @Gogo_Boys_FC Ya barisheba,"['boysfc', 'ya', 'barisheba']","['boysfc', 'barisheba']","['boysfc', 'barisheba']"
42,2023-03-15 05:33:59+00:00,1635876977256304640,dionesaababa1,0,0,"Pastikan pasokan bbm aman jelang ramadhan dan idul fitri, pertamina bentuk tim satgas utk berkordinasi 
#TepatSasaran #TepatGuna @Pertamina @KemenBUMN @erickthohir https://t.co/o1x2sIw8K1","['pastikan', 'pasokan', 'bbm', 'aman', 'jelang', 'ramadhan', 'dan', 'idul', 'fitri', 'pertamina', 'bentuk', 'tim', 'satgas', 'utk', 'berkordinasi']","['pastikan', 'pasokan', 'bbm', 'aman', 'jelang', 'ramadhan', 'idul', 'fitri', 'pertamina', 'bentuk', 'tim', 'satgas', 'berkordinasi']","['pasti', 'pasok', 'bbm', 'aman', 'jelang', 'ramadhan', 'idul', 'fitri', 'pertamina', 'bentuk', 'tim', 'satgas', 'berkordinasi']"
43,2023-03-15 05:33:57+00:00,1635876969203245056,ashikinsuhaimi,0,0,"InsyaAllah, 8 hari lagi kita akan menyambut bulan Ramadan. 

â€œYa Allah berkatilah bagi kami dalam bulan  Sya'ban dan sampaikanlah kami ke bulan Ramadhan.â€ https://t.co/9cTJ3wyrxp","['insyaallah', 'hari', 'lagi', 'kita', 'akan', 'menyambut', 'bulan', 'ramadan', 'ya', 'allah', 'berkatilah', 'bagi', 'kami', 'dalam', 'bulan', 'syaban', 'dan', 'sampaikanlah', 'kami', 'ke', 'bulan', 'ramadhan']","['insyaallah', 'menyambut', 'ramadan', 'allah', 'berkatilah', 'syaban', 'sampaikanlah', 'ramadhan']","['insyaallah', 'sambut', 'ramadan', 'allah', 'kati', 'syaban', 'sampai', 'ramadhan']"
44,2023-03-15 05:33:31+00:00,1635876859840970752,berhijabmerah,0,0,Sebuah antisipasi lonjakan harga pangan menjelang ramadhan ğŸ¤© https://t.co/mXsbPS8R6R,"['sebuah', 'antisipasi', 'lonjakan', 'harga', 'pangan', 'menjelang', 'ramadhan']","['antisipasi', 'lonjakan', 'harga', 'pangan', 'menjelang', 'ramadhan']","['antisipasi', 'lonjak', 'harga', 'pangan', 'jelang', 'ramadhan']"
45,2023-03-15 05:33:29+00:00,1635876854359007237,fazzams,1,0,"Selain itu, meski padat agenda Islamisasi Pengetahuan, Maskam juga menggunakan pendekatan kultural dan juga sesekali merangkul tokoh2 lain (khususnya pas Ramadhan). 

Dan yang paling penting makan gratis tiap senin dan kamis wkwk","['selain', 'itu', 'meski', 'padat', 'agenda', 'islamisasi', 'pengetahuan', 'maskam', 'juga', 'menggunakan', 'pendekatan', 'kultural', 'dan', 'juga', 'sesekali', 'merangkul', 'tokoh', 'lain', 'khususnya', 'pas', 'ramadhan', 'dan', 'yang', 'paling', 'penting', 'makan', 'gratis', 'tiap', 'senin', 'dan', 'kamis', 'wkwk']","['padat', 'agenda', 'islamisasi', 'pengetahuan', 'maskam', 'pendekatan', 'kultural', 'merangkul', 'tokoh', 'pas', 'ramadhan', 'makan', 'gratis', 'senin', 'kamis', 'wkwk']","['padat', 'agenda', 'islamisasi', 'tahu', 'maskam', 'dekat', 'kultural', 'rangkul', 'tokoh', 'pas', 'ramadhan', 'makan', 'gratis', 'senin', 'kamis', 'wkwk']"
46,2023-03-15 05:33:02+00:00,1635876741012140033,Choheeteuk,0,0,"@Outstandjing Kayak warung makan bulek ku. Tiap ramadhan pasti tutup, tapi blio sudah ada tabungan buat keperluan selama ramadhan + 14 hari lebaran dan segala baju baru nya. Itu diluar tabungan pribadi untuk keperluan mendesak.","['kayak', 'warung', 'makan', 'bulek', 'ku', 'tiap', 'ramadhan', 'pasti', 'tutup', 'tapi', 'blio', 'sudah', 'ada', 'tabungan', 'buat', 'keperluan', 'selama', 'ramadhan', 'hari', 'lebaran', 'dan', 'segala', 'baju', 'baru', 'nya', 'itu', 'diluar', 'tabungan', 'pribadi', 'untuk', 'keperluan', 'mendesak']","['kayak', 'warung', 'makan', 'bulek', 'ku', 'ramadhan', 'tutup', 'blio', 'tabungan', 'keperluan', 'ramadhan', 'lebaran', 'baju', 'diluar', 'tabungan', 'pribadi', 'keperluan', 'mendesak']","['kayak', 'warung', 'makan', 'bulek', 'ku', 'ramadhan', 'tutup', 'blio', 'tabung', 'perlu', 'ramadhan', 'lebaran', 'baju', 'luar', 'tabung', 'pribadi', 'perlu', 'desak']"
47,2023-03-15 05:32:56+00:00,1635876713996636160,suucciii,0,0,pastinya 1 Ramadhan sih,"['pastinya', 'ramadhan', 'sih']","['pastinya', 'ramadhan']","['pasti', 'ramadhan']"
48,2023-03-15 05:32:40+00:00,1635876648561315840,RioRifqiR,1,0,"@kafiiel @GoldMine82 @persebayaupdate Feeling ku pemain asing sak negara ne Valente iku bek tengah asing pengganti ne Lelis 
Let's see ğŸ‘€","['feeling', 'ku', 'pemain', 'asing', 'sak', 'negara', 'ne', 'valente', 'iku', 'bek', 'tengah', 'asing', 'pengganti', 'ne', 'lelis', 'lets', 'see']","['feeling', 'ku', 'pemain', 'asing', 'sak', 'negara', 'ne', 'valente', 'iku', 'bek', 'asing', 'pengganti', 'ne', 'lelis', 'lets', 'see']","['feeling', 'ku', 'main', 'asing', 'sak', 'negara', 'ne', 'valente', 'iku', 'bek', 'asing', 'ganti', 'ne', 'lis', 'lets', 'see']"
49,2023-03-15 05:32:39+00:00,1635876643574276096,ZakiHafifi,0,0,Bang haji ajak join tournament golf geng surau sempena nak sambut ramadhan. Surau mana aku tak tahu la.,"['bang', 'haji', 'ajak', 'join', 'tournament', 'golf', 'geng', 'surau', 'sempena', 'nak', 'sambut', 'ramadhan', 'surau', 'mana', 'aku', 'tak', 'tahu', 'la']","['bang', 'haji', 'ajak', 'join', 'tournament', 'golf', 'geng', 'surau', 'sempena', 'nak', 'sambut', 'ramadhan', 'surau', 'la']","['bang', 'haji', 'ajak', 'join', 'tournament', 'golf', 'geng', 'surau', 'sempena', 'nak', 'sambut', 'ramadhan', 'surau', 'la']"
50,2023-03-15 05:32:04+00:00,1635876494357729284,PRDepok,0,0,"5 Lagu Religi Islam Populer yang Lekat dengan Bulan Puasa, Cocok Didengarkan Jelang Ramadhan 2023 https://t.co/HJBBevFLrX","['lagu', 'religi', 'islam', 'populer', 'yang', 'lekat', 'dengan', 'bulan', 'puasa', 'cocok', 'didengarkan', 'jelang', 'ramadhan']","['lagu', 'religi', 'islam', 'populer', 'lekat', 'puasa', 'cocok', 'didengarkan', 'jelang', 'ramadhan']","['lagu', 'religi', 'islam', 'populer', 'lekat', 'puasa', 'cocok', 'dengar', 'jelang', 'ramadhan']"
51,2023-03-15 05:31:42+00:00,1635876405782380545,usd0llar,0,0,Bigwin sebelum ramadhan apa gabisağŸ˜­,"['bigwin', 'sebelum', 'ramadhan', 'apa', 'gabisa']","['bigwin', 'ramadhan', 'gabisa']","['bigwin', 'ramadhan', 'gabisa']"
52,2023-03-15 05:31:30+00:00,1635876355257823239,iMasjidPonorogo,0,0,"""Meraih Keutamaan Ramadhan "" || Ustadz Sukeri Abdillah MBA https://t.co/FpBnKCjGLE via @YouTube","['meraih', 'keutamaan', 'ramadhan', 'ustadz', 'sukeri', 'abdillah', 'mba', 'via']","['meraih', 'keutamaan', 'ramadhan', 'ustadz', 'sukeri', 'abdillah', 'mba', 'via']","['raih', 'utama', 'ramadhan', 'ustadz', 'sukeri', 'abdillah', 'mba', 'via']"
53,2023-03-15 05:31:21+00:00,1635876316955414531,Kopi_laut,0,0,"Saat ramadhan banyak orang berbagi makanan
Orang2 kenyang
Ga beli jajan","['saat', 'ramadhan', 'banyak', 'orang', 'berbagi', 'makanan', 'orang', 'kenyang', 'ga', 'beli', 'jajan']","['ramadhan', 'orang', 'berbagi', 'makanan', 'orang', 'kenyang', 'beli', 'jajan']","['ramadhan', 'orang', 'bagi', 'makan', 'orang', 'kenyang', 'beli', 'jajan']"
54,2023-03-15 05:31:20+00:00,1635876313096687618,fferdiansyah13_,0,0,8 hari lagi Ramadhan ğŸ¤²,"['hari', 'lagi', 'ramadhan']",['ramadhan'],['ramadhan']
55,2023-03-15 05:30:56+00:00,1635876210193608705,xxramaxx8,0,0,@erigostore Apanih jangan bikin penasaran mint ayo spill sekarang,"['apanih', 'jangan', 'bikin', 'penasaran', 'mint', 'ayo', 'spill', 'sekarang']","['apanih', 'penasaran', 'mint', 'ayo', 'spill']","['apanih', 'penasaran', 'mint', 'ayo', 'spill']"
56,2023-03-15 05:30:44+00:00,1635876160599932928,depok_pos,0,0,5 Persiapan Sambut Bulan Suci Ramadhan https://t.co/Tf3DZekGQ3 https://t.co/23mGcpKF25,"['persiapan', 'sambut', 'bulan', 'suci', 'ramadhan']","['persiapan', 'sambut', 'suci', 'ramadhan']","['siap', 'sambut', 'suci', 'ramadhan']"
57,2023-03-15 05:30:41+00:00,1635876149439135744,mhankumiz,1,0,@SWRKS_ @hariankompas Terbaiks mamang! ğŸ”¥ğŸ”¥ğŸ”¥,"['terbaiks', 'mamang']","['terbaiks', 'mamang']","['terbaiks', 'mamang']"
58,2023-03-15 05:30:27+00:00,1635876088059682817,YanGuning2,3,3,"Bismillah
Pemirsa promo terakhir Abon sapi hrga ada dibawah
Sepesial Hari terakhir waktunya 2 jam
Dibanting
100rb dpt 5 toples satuan 50rb
Yu persediaan buat stock ramadhan
Semoga BerkahğŸ™
Langsung DM/087869071655
Ijin tag
@zomet13 
@jaga_atitude 
@el__yassien 
@Gojekmilitan https://t.co/QIZfRChyy6","['bismillah', 'pemirsa', 'promo', 'terakhir', 'abon', 'sapi', 'hrga', 'ada', 'dibawah', 'sepesial', 'hari', 'terakhir', 'waktunya', 'jam', 'dibanting', 'rb', 'dpt', 'toples', 'satuan', 'rb', 'yu', 'persediaan', 'buat', 'stock', 'ramadhan', 'semoga', 'berkah', 'langsung', 'dm', 'ijin', 'tag', 'atitude', 'yassien']","['bismillah', 'pemirsa', 'promo', 'abon', 'sapi', 'hrga', 'dibawah', 'sepesial', 'jam', 'dibanting', 'rb', 'dpt', 'toples', 'satuan', 'rb', 'yu', 'persediaan', 'stock', 'ramadhan', 'semoga', 'berkah', 'langsung', 'dm', 'ijin', 'tag', 'atitude', 'yassien']","['bismillah', 'pirsa', 'promo', 'abon', 'sapi', 'hrga', 'bawah', 'sial', 'jam', 'banting', 'rb', 'dpt', 'toples', 'satu', 'rb', 'yu', 'sedia', 'stock', 'ramadhan', 'moga', 'berkah', 'langsung', 'dm', 'ijin', 'tag', 'atitude', 'yassien']"
59,2023-03-15 05:30:22+00:00,1635876068807835648,AqwaAsyraff,0,0,"Majority Melayu ni best dia satu je bg aku, aktiviti keagamaan tu ada, dulu ada tadarus bulan ramadhan, bacaan yassin, majlis khatam quran.","['majority', 'melayu', 'ni', 'best', 'dia', 'satu', 'je', 'bg', 'aku', 'aktiviti', 'keagamaan', 'tu', 'ada', 'dulu', 'ada', 'tadarus', 'bulan', 'ramadhan', 'bacaan', 'yassin', 'majlis', 'khatam', 'quran']","['majority', 'melayu', 'ni', 'best', 'je', 'bg', 'aktiviti', 'keagamaan', 'tu', 'tadarus', 'ramadhan', 'bacaan', 'yassin', 'majlis', 'khatam', 'quran']","['majority', 'melayu', 'ni', 'best', 'je', 'bg', 'aktiviti', 'agama', 'tu', 'tadarus', 'ramadhan', 'baca', 'yassin', 'majlis', 'khatam', 'quran']"
60,2023-03-15 05:30:19+00:00,1635876055834849280,_themukz_88,1,0,"@infomalang dan pak @yusufgunawan izin menyampaikan dapat dari grup WA, barangkali ada yang butuh terkait sewa tenan di bazaar ramadhan tahun ini. https://t.co/GBXK3MuXtg","['dan', 'pak', 'izin', 'menyampaikan', 'dapat', 'dari', 'grup', 'wa', 'barangkali', 'ada', 'yang', 'butuh', 'terkait', 'sewa', 'tenan', 'di', 'bazaar', 'ramadhan', 'tahun', 'ini']","['izin', 'grup', 'wa', 'barangkali', 'butuh', 'terkait', 'sewa', 'tenan', 'bazaar', 'ramadhan']","['izin', 'grup', 'wa', 'barangkali', 'butuh', 'kait', 'sewa', 'tenan', 'bazaar', 'ramadhan']"
61,2023-03-15 05:30:18+00:00,1635876052445847552,vivivahira,0,0,"Mari ibadah ramadhan dengan aman dan nyaman karena covid masih darurat. 

#CovidMasihAda
#EndemiCovid
#ProkesCovid https://t.co/fqjckS652Z","['mari', 'ibadah', 'ramadhan', 'dengan', 'aman', 'dan', 'nyaman', 'karena', 'covid', 'masih', 'darurat']","['mari', 'ibadah', 'ramadhan', 'aman', 'nyaman', 'covid', 'darurat']","['mari', 'ibadah', 'ramadhan', 'aman', 'nyaman', 'covid', 'darurat']"
62,2023-03-15 05:30:16+00:00,1635876042949705728,Utaratimes,0,0,"3 Shio Hoki Bakal Dapat Karir Tinggi Asal Rajin Sedekah Sepanjang Ramadhan 2023, Begini Prediksi Rezekinya https://t.co/t3yxdi2oS9","['shio', 'hoki', 'bakal', 'dapat', 'karir', 'tinggi', 'asal', 'rajin', 'sedekah', 'sepanjang', 'ramadhan', 'begini', 'prediksi', 'rezekinya']","['shio', 'hoki', 'karir', 'rajin', 'sedekah', 'ramadhan', 'prediksi', 'rezekinya']","['shio', 'hoki', 'karir', 'rajin', 'sedekah', 'ramadhan', 'prediksi', 'rezeki']"
63,2023-03-15 05:30:10+00:00,1635876018555846656,sinemart_ph,0,0,"Jawab pertanyaannya, bawa pulang uangnya! 
Cuma jawab pertanyaan aja bisa dapet uang? Ketemu sama artis lagi?! Siapa sih yang gamau!! Penasarankaann ğŸ¤­

Ramadhan seru dengan program baru penuh berkah! Nantikan Reality show terbaru #Perigut SEGERA hanya di @SCTV ğŸ‘Œ https://t.co/EPikPMJeCz","['jawab', 'pertanyaannya', 'bawa', 'pulang', 'uangnya', 'cuma', 'jawab', 'pertanyaan', 'aja', 'bisa', 'dapet', 'uang', 'ketemu', 'sama', 'artis', 'lagi', 'siapa', 'sih', 'yang', 'gamau', 'penasarankaann', 'ramadhan', 'seru', 'dengan', 'program', 'baru', 'penuh', 'berkah', 'nantikan', 'reality', 'show', 'terbaru', 'segera', 'hanya', 'di']","['pertanyaannya', 'bawa', 'pulang', 'uangnya', 'dapet', 'uang', 'ketemu', 'artis', 'gamau', 'penasarankaann', 'ramadhan', 'seru', 'program', 'penuh', 'berkah', 'nantikan', 'reality', 'show', 'terbaru']","['tanya', 'bawa', 'pulang', 'uang', 'dapet', 'uang', 'ketemu', 'artis', 'gamau', 'penasarankaann', 'ramadhan', 'seru', 'program', 'penuh', 'berkah', 'nanti', 'reality', 'show', 'baru']"
64,2023-03-15 05:30:09+00:00,1635876014458015747,ElaaTante,0,0,"Mari ibadah ramadhan dengan aman dan nyaman karena covid masih darurat. 

#CovidMasihAda
#EndemiCovid
#ProkesCovid https://t.co/ybLnWAjw3Q","['mari', 'ibadah', 'ramadhan', 'dengan', 'aman', 'dan', 'nyaman', 'karena', 'covid', 'masih', 'darurat']","['mari', 'ibadah', 'ramadhan', 'aman', 'nyaman', 'covid', 'darurat']","['mari', 'ibadah', 'ramadhan', 'aman', 'nyaman', 'covid', 'darurat']"
65,2023-03-15 05:29:59+00:00,1635875971105718275,0mandum,0,0,"banyak banget yang bikin spekulasi gajelas yang jatuhnya fitnah, kalem zee lumayan panen pahala sebelum ramadhan ğŸ˜ğŸ™ğŸ» @A_ZeeJKT48","['banyak', 'banget', 'yang', 'bikin', 'spekulasi', 'gajelas', 'yang', 'jatuhnya', 'fitnah', 'kalem', 'zee', 'lumayan', 'panen', 'pahala', 'sebelum', 'ramadhan', 'zeejkt']","['banget', 'spekulasi', 'gajelas', 'jatuhnya', 'fitnah', 'kalem', 'zee', 'lumayan', 'panen', 'pahala', 'ramadhan', 'zeejkt']","['banget', 'spekulasi', 'gajelas', 'jatuh', 'fitnah', 'kalem', 'zee', 'lumayan', 'panen', 'pahala', 'ramadhan', 'zeejkt']"
66,2023-03-15 05:29:54+00:00,1635875949656043520,nurlinda1190,0,0,"Mari ibadah ramadhan dengan aman dan nyaman karena covid masih darurat. 

#CovidMasihAda
#EndemiCovid
#ProkesCovid https://t.co/zXP85iyGMp","['mari', 'ibadah', 'ramadhan', 'dengan', 'aman', 'dan', 'nyaman', 'karena', 'covid', 'masih', 'darurat']","['mari', 'ibadah', 'ramadhan', 'aman', 'nyaman', 'covid', 'darurat']","['mari', 'ibadah', 'ramadhan', 'aman', 'nyaman', 'covid', 'darurat']"
67,2023-03-15 05:29:42+00:00,1635875901610299392,jamaluddinyusr1,0,0,"Mari ibadah ramadhan dengan aman dan nyaman karena covid masih darurat. 

#CovidMasihAda
#EndemiCovid
#ProkesCovid https://t.co/hoUgDQnGQN","['mari', 'ibadah', 'ramadhan', 'dengan', 'aman', 'dan', 'nyaman', 'karena', 'covid', 'masih', 'darurat']","['mari', 'ibadah', 'ramadhan', 'aman', 'nyaman', 'covid', 'darurat']","['mari', 'ibadah', 'ramadhan', 'aman', 'nyaman', 'covid', 'darurat']"
68,2023-03-15 05:29:35+00:00,1635875872392757248,IqbalLu71838660,0,0,"@yossygirsang 
 Saya ingin sekali sebelum ramadhan tahun ini saya dapat melunasi hutang saya. Saya ingin ibadah dgn tenang. ğŸ™ğŸ™","['saya', 'ingin', 'sekali', 'sebelum', 'ramadhan', 'tahun', 'ini', 'saya', 'dapat', 'melunasi', 'hutang', 'saya', 'saya', 'ingin', 'ibadah', 'dgn', 'tenang']","['ramadhan', 'melunasi', 'hutang', 'ibadah', 'tenang']","['ramadhan', 'lunas', 'hutang', 'ibadah', 'tenang']"
69,2023-03-15 05:29:35+00:00,1635875870337544192,yusufmanakarra,0,0,"Mari ibadah ramadhan dengan aman dan nyaman karena covid masih darurat. 

#CovidMasihAda
#EndemiCovid
#ProkesCovid https://t.co/eiG50KYUDB","['mari', 'ibadah', 'ramadhan', 'dengan', 'aman', 'dan', 'nyaman', 'karena', 'covid', 'masih', 'darurat']","['mari', 'ibadah', 'ramadhan', 'aman', 'nyaman', 'covid', 'darurat']","['mari', 'ibadah', 'ramadhan', 'aman', 'nyaman', 'covid', 'darurat']"
70,2023-03-15 05:29:32+00:00,1635875860191539200,kodim0313kpr,0,0,"Antisipasi Lonjakan Harga Jelang Ramadhan, Babinsa Koramil 01/Bkn Cek Harga Sembako https://t.co/2ooCx4j4GE","['antisipasi', 'lonjakan', 'harga', 'jelang', 'ramadhan', 'babinsa', 'koramil', 'bkn', 'cek', 'harga', 'sembako']","['antisipasi', 'lonjakan', 'harga', 'jelang', 'ramadhan', 'babinsa', 'koramil', 'bkn', 'cek', 'harga', 'sembako']","['antisipasi', 'lonjak', 'harga', 'jelang', 'ramadhan', 'babinsa', 'koramil', 'bkn', 'cek', 'harga', 'sembako']"
71,2023-03-15 05:29:29+00:00,1635875846413258752,mikhsanr,0,0,@Eno_Bening kenjiihh,"['bening', 'kenjiihh']","['bening', 'kenjiihh']","['bening', 'kenjiihh']"
72,2023-03-15 05:29:09+00:00,1635875762627805184,ox_ramadhan2023,0,0,@the10xportfolio Tg Tiar yanti https://t.co/JQ1ZhTObz6,"['tg', 'tiar', 'yanti']","['tg', 'tiar', 'yanti']","['tg', 'tiar', 'yanti']"
73,2023-03-15 05:29:06+00:00,1635875749797441536,faiizhar,1,0,Done beli periuk nasi baru utk ramadhan ğŸ¤£ https://t.co/E8bU0Uhe77,"['done', 'beli', 'periuk', 'nasi', 'baru', 'utk', 'ramadhan']","['done', 'beli', 'periuk', 'nasi', 'ramadhan']","['done', 'beli', 'periuk', 'nasi', 'ramadhan']"
74,2023-03-15 05:29:02+00:00,1635875734815399936,PR_Tasikmalaya,0,0,Manfaatkan Pinjaman KUR BRI untuk Meningkatkan Performa Bisnis Anda di Bulan Ramadhan 2023 https://t.co/6r65BA1lKe,"['manfaatkan', 'pinjaman', 'kur', 'bri', 'untuk', 'meningkatkan', 'performa', 'bisnis', 'anda', 'di', 'bulan', 'ramadhan']","['manfaatkan', 'pinjaman', 'kur', 'bri', 'meningkatkan', 'performa', 'bisnis', 'ramadhan']","['manfaat', 'pinjam', 'kur', 'bri', 'tingkat', 'performa', 'bisnis', 'ramadhan']"
75,2023-03-15 05:28:55+00:00,1635875703207100418,arafah_ramadhan,1,0,@sjahtie terus salah nya gak punya ijasah apa selama dia jujur tidak memalsukan nya dgn gak punya ijasah dan membuat ijasah palsu itu yg melangar aturan,"['terus', 'salah', 'nya', 'gak', 'punya', 'ijasah', 'apa', 'selama', 'dia', 'jujur', 'tidak', 'memalsukan', 'nya', 'dgn', 'gak', 'punya', 'ijasah', 'dan', 'membuat', 'ijasah', 'palsu', 'itu', 'yg', 'melangar', 'aturan']","['salah', 'ijasah', 'jujur', 'memalsukan', 'ijasah', 'ijasah', 'palsu', 'melangar', 'aturan']","['salah', 'ijasah', 'jujur', 'palsu', 'ijasah', 'ijasah', 'palsu', 'melangar', 'atur']"
76,2023-03-15 05:28:02+00:00,1635875480548130817,GATRA_com,0,0,"Tekan Inflasi Pangan Saat Ramadhan, Pemerintah Salurkan Bansos Sembako

https://t.co/HT8DJXLo61","['tekan', 'inflasi', 'pangan', 'saat', 'ramadhan', 'pemerintah', 'salurkan', 'bansos', 'sembako']","['tekan', 'inflasi', 'pangan', 'ramadhan', 'pemerintah', 'salurkan', 'bansos', 'sembako']","['tekan', 'inflasi', 'pangan', 'ramadhan', 'perintah', 'salur', 'bansos', 'sembako']"
77,2023-03-15 05:27:50+00:00,1635875430946439169,mhankumiz,0,0,@WisnuPradanaArt Mau cari info bullish yg nongol tanyarl horror ğŸ¤£,"['mau', 'cari', 'info', 'bullish', 'yg', 'nongol', 'tanyarl', 'horror']","['cari', 'info', 'bullish', 'nongol', 'tanyarl', 'horror']","['cari', 'info', 'bullish', 'nongol', 'tanyarl', 'horror']"
78,2023-03-15 05:27:48+00:00,1635875423925207040,goatamine,0,0,"bentar lagi ramadhan, jadi gak sabar liat NCT di acara sahur","['bentar', 'lagi', 'ramadhan', 'jadi', 'gak', 'sabar', 'liat', 'nct', 'di', 'acara', 'sahur']","['bentar', 'ramadhan', 'sabar', 'liat', 'nct', 'acara', 'sahur']","['bentar', 'ramadhan', 'sabar', 'liat', 'nct', 'acara', 'sahur']"
79,2023-03-15 05:27:15+00:00,1635875285634789377,mhankumiz,0,0,"@Vegarifi I see, coba saya cek dulu deh. Nuhun infonya maskuh ğŸ«¶","['see', 'coba', 'saya', 'cek', 'dulu', 'deh', 'nuhun', 'infonya', 'maskuh']","['see', 'coba', 'cek', 'deh', 'nuhun', 'infonya', 'maskuh']","['see', 'coba', 'cek', 'deh', 'nuhun', 'info', 'maskuh']"
80,2023-03-15 05:26:40+00:00,1635875138834157570,iqbalabqi,0,0,"@kaxura5 @vvotanet Dia yang nge react dia yang nangis :"") wkwkw","['dia', 'yang', 'nge', 'react', 'dia', 'yang', 'nangis', 'wkwkw']","['nge', 'react', 'nangis', 'wkwkw']","['nge', 'react', 'nang', 'wkwkw']"
81,2023-03-15 05:26:39+00:00,1635875131699625984,alfa_ahmad,6,3,"Andai bisa meniru gaya usaha Alm. Ayah, selama puasa libur.
Kalo ada rezeki lebih ambil umroh 40 hr selama ramadhan, pulang pas syawal.

'mending fokus ibadah.
blm tentu ada umur sampai puasa depan.
umur manusia umumnya hny 60 thn, selebihnya bonus'

Usia 62 thn, beliau meninggal","['andai', 'bisa', 'meniru', 'gaya', 'usaha', 'alm', 'ayah', 'selama', 'puasa', 'libur', 'kalo', 'ada', 'rezeki', 'lebih', 'ambil', 'umroh', 'hr', 'selama', 'ramadhan', 'pulang', 'pas', 'syawal', 'mending', 'fokus', 'ibadah', 'blm', 'tentu', 'ada', 'umur', 'sampai', 'puasa', 'depan', 'umur', 'manusia', 'umumnya', 'hny', 'thn', 'selebihnya', 'bonus', 'usia', 'thn', 'beliau', 'meninggal']","['andai', 'meniru', 'gaya', 'usaha', 'alm', 'ayah', 'puasa', 'libur', 'rezeki', 'ambil', 'umroh', 'hr', 'ramadhan', 'pulang', 'pas', 'syawal', 'mending', 'fokus', 'ibadah', 'blm', 'umur', 'puasa', 'umur', 'manusia', 'hny', 'thn', 'selebihnya', 'bonus', 'usia', 'thn', 'beliau', 'meninggal']","['andai', 'tiru', 'gaya', 'usaha', 'alm', 'ayah', 'puasa', 'libur', 'rezeki', 'ambil', 'umroh', 'hr', 'ramadhan', 'pulang', 'pas', 'syawal', 'mending', 'fokus', 'ibadah', 'blm', 'umur', 'puasa', 'umur', 'manusia', 'hny', 'thn', 'lebih', 'bonus', 'usia', 'thn', 'beliau', 'tinggal']"
82,2023-03-15 05:26:28+00:00,1635875088624132097,iMasjidPonorogo,0,0,"Ustadz Dr Daud Rasyid | â€œRamadhan,  Apa Yang Engkau Persiapkan Menyambut... https://t.co/buFKluVIbr via @YouTube","['ustadz', 'dr', 'daud', 'rasyid', 'ramadhan', 'apa', 'yang', 'engkau', 'persiapkan', 'menyambut', 'via']","['ustadz', 'dr', 'daud', 'rasyid', 'ramadhan', 'engkau', 'persiapkan', 'menyambut', 'via']","['ustadz', 'dr', 'daud', 'rasyid', 'ramadhan', 'engkau', 'siap', 'sambut', 'via']"
83,2023-03-15 05:26:27+00:00,1635875081791631361,niteatjacuzzi,0,0,"ntar pas Ramadhan dia ke sini ga ya ajg, kalo ngga ntar gua gada temen pushrank sampe sahur","['ntar', 'pas', 'ramadhan', 'dia', 'ke', 'sini', 'ga', 'ya', 'ajg', 'kalo', 'ngga', 'ntar', 'gua', 'gada', 'temen', 'pushrank', 'sampe', 'sahur']","['ntar', 'pas', 'ramadhan', 'ajg', 'ngga', 'ntar', 'gua', 'gada', 'temen', 'pushrank', 'sampe', 'sahur']","['ntar', 'pas', 'ramadhan', 'ajg', 'ngga', 'ntar', 'gua', 'gada', 'temen', 'pushrank', 'sampe', 'sahur']"
84,2023-03-15 05:26:23+00:00,1635875067832963074,kyoland0,0,0,"cuaca hujan dan dingin bikin mood jadi bagus, yang biasanya badmood kerjaan banyak tapi sekarang menikmati sambil dengerin lagu natal padahal bentar lagi bulan ramadhan, gata2 pungguang sabalah","['cuaca', 'hujan', 'dan', 'dingin', 'bikin', 'mood', 'jadi', 'bagus', 'yang', 'biasanya', 'badmood', 'kerjaan', 'banyak', 'tapi', 'sekarang', 'menikmati', 'sambil', 'dengerin', 'lagu', 'natal', 'padahal', 'bentar', 'lagi', 'bulan', 'ramadhan', 'gata', 'pungguang', 'sabalah']","['cuaca', 'hujan', 'dingin', 'mood', 'bagus', 'badmood', 'kerjaan', 'menikmati', 'dengerin', 'lagu', 'natal', 'bentar', 'ramadhan', 'gata', 'pungguang', 'sabalah']","['cuaca', 'hujan', 'dingin', 'mood', 'bagus', 'badmood', 'kerja', 'nikmat', 'dengerin', 'lagu', 'natal', 'bentar', 'ramadhan', 'gata', 'pungguang', 'saba']"
85,2023-03-15 05:26:22+00:00,1635875061080150016,mhankumiz,0,0,@codeerror_ Jangan ketawa andaaaaaaaa,"['jangan', 'ketawa', 'andaaaaaaaa']","['ketawa', 'andaaaaaaaa']","['ketawa', 'andaaaaaaaa']"
86,2023-03-15 05:26:07+00:00,1635875000266928128,mhankumiz,0,0,@oktavwp Serandom hatimu saat ini tidack???,"['serandom', 'hatimu', 'saat', 'ini', 'tidack']","['serandom', 'hatimu', 'tidack']","['serandom', 'hati', 'tidack']"
87,2023-03-15 05:26:06+00:00,1635874993308581889,yuk_ramadhan,0,0,@jihanicorn Akuuuuuuuuuu tp On nya selalu telatğŸ¤£,"['akuuuuuuuuuu', 'tp', 'on', 'nya', 'selalu', 'telat']","['akuuuuuuuuuu', 'tp', 'on', 'telat']","['akuuuuuuuuuu', 'tp', 'on', 'telat']"
88,2023-03-15 05:25:56+00:00,1635874952409915392,Adiieth_,0,0,"@Outstandjing Disini juga ada, uda legend banget. 1 minggu sebelum ramadhan tutup. 2-4 minggu setelah lebaran baru buka lagi. Bulek rawonnya bilang liburan sebulan dua bulan doang dalam setaun. Nikmatin hidup, nikmatin ramadhan, nikmatin kumpul keluarga di kampung.","['disini', 'juga', 'ada', 'uda', 'legend', 'banget', 'minggu', 'sebelum', 'ramadhan', 'tutup', 'minggu', 'setelah', 'lebaran', 'baru', 'buka', 'lagi', 'bulek', 'rawonnya', 'bilang', 'liburan', 'sebulan', 'dua', 'bulan', 'doang', 'dalam', 'setaun', 'nikmatin', 'hidup', 'nikmatin', 'ramadhan', 'nikmatin', 'kumpul', 'keluarga', 'di', 'kampung']","['uda', 'legend', 'banget', 'minggu', 'ramadhan', 'tutup', 'minggu', 'lebaran', 'buka', 'bulek', 'rawonnya', 'liburan', 'sebulan', 'doang', 'setaun', 'nikmatin', 'hidup', 'nikmatin', 'ramadhan', 'nikmatin', 'kumpul', 'keluarga', 'kampung']","['uda', 'legend', 'banget', 'minggu', 'ramadhan', 'tutup', 'minggu', 'lebaran', 'buka', 'bulek', 'rawon', 'libur', 'bulan', 'doang', 'taun', 'nikmatin', 'hidup', 'nikmatin', 'ramadhan', 'nikmatin', 'kumpul', 'keluarga', 'kampung']"
89,2023-03-15 05:25:27+00:00,1635874831387467777,LppTenggarong,0,0,MENJELANG BULAN RAMADHAN KALAPAS PEREMPUAN TENGGARONG MEMBERIKAN PENGARAHAN KEPADA JAJARAN PETUGAS PENGAMANAN https://t.co/DovSCnKsFW,"['menjelang', 'bulan', 'ramadhan', 'kalapas', 'perempuan', 'tenggarong', 'memberikan', 'pengarahan', 'kepada', 'jajaran', 'petugas', 'pengamanan']","['menjelang', 'ramadhan', 'kalapas', 'perempuan', 'tenggarong', 'pengarahan', 'jajaran', 'petugas', 'pengamanan']","['jelang', 'ramadhan', 'kalapas', 'perempuan', 'tenggarong', 'arah', 'jajar', 'tugas', 'aman']"
90,2023-03-15 05:24:32+00:00,1635874601766129664,noraS631256,0,0,@AimanMoeis @RajaMohdShahrim Sbb dia x pernah mohon la. Tauliah tu kena mohon. Bkn boleh bagi mcm lesen sementara bazar ramadhan,"['sbb', 'dia', 'pernah', 'mohon', 'la', 'tauliah', 'tu', 'kena', 'mohon', 'bkn', 'boleh', 'bagi', 'mcm', 'lesen', 'sementara', 'bazar', 'ramadhan']","['sbb', 'mohon', 'la', 'tauliah', 'tu', 'kena', 'mohon', 'bkn', 'mcm', 'lesen', 'bazar', 'ramadhan']","['sbb', 'mohon', 'la', 'tauliah', 'tu', 'kena', 'mohon', 'bkn', 'mcm', 'lesen', 'bazar', 'ramadhan']"
91,2023-03-15 05:24:22+00:00,1635874560649175041,Utaratimes,0,0,"Apa itu Munggahan? Inilah 7 Tradisi yang Umumnya dilakukan Jelang Ramadhan, Ada Megengan https://t.co/sv7z7kRlPN","['apa', 'itu', 'munggahan', 'inilah', 'tradisi', 'yang', 'umumnya', 'dilakukan', 'jelang', 'ramadhan', 'ada', 'megengan']","['munggahan', 'tradisi', 'jelang', 'ramadhan', 'megengan']","['munggahan', 'tradisi', 'jelang', 'ramadhan', 'megengan']"
92,2023-03-15 05:24:14+00:00,1635874523852713985,jimboyaaaa,0,0,@indomyfess kita doakan sja ime di bulan ramadhan merenung dn brusaha tuk mmperbaiki smuany,"['kita', 'doakan', 'sja', 'ime', 'di', 'bulan', 'ramadhan', 'merenung', 'dn', 'brusaha', 'tuk', 'mmperbaiki', 'smuany']","['doakan', 'sja', 'ime', 'ramadhan', 'merenung', 'dn', 'brusaha', 'tuk', 'mmperbaiki', 'smuany']","['doa', 'sja', 'ime', 'ramadhan', 'renung', 'dn', 'brusaha', 'tuk', 'mmperbaiki', 'smuany']"
93,2023-03-15 05:24:12+00:00,1635874516131004416,RendyOktaviant3,0,0,"@Outstandjing Biasa aja nih, warung madura di tempat ane (Sidoarjo) kalau Ramadhan tutup 1.5bulan sampe lebaran (gak semua).
Warung bebek purnama madura pas idul adha juga mostly libur 2 bulan.

Langganan mie ayam di Balikpapan (orang wonogiri) kalau akhir taun libur 3 bulan sampe awal taun","['biasa', 'aja', 'nih', 'warung', 'madura', 'di', 'tempat', 'ane', 'sidoarjo', 'kalau', 'ramadhan', 'tutup', 'bulan', 'sampe', 'lebaran', 'gak', 'semua', 'warung', 'bebek', 'purnama', 'madura', 'pas', 'idul', 'adha', 'juga', 'mostly', 'libur', 'bulan', 'langganan', 'mie', 'ayam', 'di', 'balikpapan', 'orang', 'wonogiri', 'kalau', 'akhir', 'taun', 'libur', 'bulan', 'sampe', 'awal', 'taun']","['warung', 'madura', 'ane', 'sidoarjo', 'ramadhan', 'tutup', 'sampe', 'lebaran', 'warung', 'bebek', 'purnama', 'madura', 'pas', 'idul', 'adha', 'mostly', 'libur', 'langganan', 'mie', 'ayam', 'balikpapan', 'orang', 'wonogiri', 'taun', 'libur', 'sampe', 'taun']","['warung', 'madura', 'ane', 'sidoarjo', 'ramadhan', 'tutup', 'sampe', 'lebaran', 'warung', 'bebek', 'purnama', 'madura', 'pas', 'idul', 'adha', 'mostly', 'libur', 'langgan', 'mie', 'ayam', 'balikpapan', 'orang', 'wonogiri', 'taun', 'libur', 'sampe', 'taun']"
94,2023-03-15 05:24:10+00:00,1635874507813715968,fallingfwd_,0,0,"@Will_Rames ""Kapan ya invasi zombie dan kaiju?"" https://t.co/yPJHshZrzp","['rames', 'kapan', 'ya', 'invasi', 'zombie', 'dan', 'kaiju']","['rames', 'invasi', 'zombie', 'kaiju']","['rames', 'invasi', 'zombie', 'kaiju']"
95,2023-03-15 05:24:03+00:00,1635874480915623939,AchoNockeRz,0,0,"@bianca125547620 Saya sebagai warga negara, tepatnya karang taruna rt 001 rw 050 mengucapkan selamat datang bulan suci ramadhan 1444H","['saya', 'sebagai', 'warga', 'negara', 'tepatnya', 'karang', 'taruna', 'rt', 'rw', 'mengucapkan', 'selamat', 'datang', 'bulan', 'suci', 'ramadhan']","['warga', 'negara', 'tepatnya', 'karang', 'taruna', 'rw', 'selamat', 'suci', 'ramadhan']","['warga', 'negara', 'tepat', 'karang', 'taruna', 'rw', 'selamat', 'suci', 'ramadhan']"
96,2023-03-15 05:23:41+00:00,1635874388066304000,NiaRamasteril,0,0,"VIRAL !!!! PEMPEK JADI SOROTAN MAKANAN INI TERBAIK KE 4 SEDUNIA https://t.co/PWKArGo2g0 

#viralindo #viralnews #Pempek","['viral', 'pempek', 'jadi', 'sorotan', 'makanan', 'ini', 'terbaik', 'ke', 'sedunia']","['viral', 'pempek', 'sorotan', 'makanan', 'terbaik', 'sedunia']","['viral', 'pempek', 'sorot', 'makan', 'baik', 'dunia']"
97,2023-03-15 05:23:30+00:00,1635874340200927232,rmdhan_winner,0,0,@bulbulkun @itsomgbeauty Mau OMG Serum Tanpa Tapi,"['mau', 'omg', 'serum', 'tanpa', 'tapi']","['omg', 'serum']","['omg', 'serum']"
98,2023-03-15 05:23:10+00:00,1635874256407130113,Fitrahrahmatika,0,0,@convomfs Udah keluar lagi nih meme legendğŸ˜­ğŸ¤£ Pertanda bulan ramadhan sudah dekatğŸ˜­ğŸ˜­ğŸ˜­,"['udah', 'keluar', 'lagi', 'nih', 'meme', 'legend', 'pertanda', 'bulan', 'ramadhan', 'sudah', 'dekat']","['udah', 'meme', 'legend', 'pertanda', 'ramadhan']","['udah', 'meme', 'legend', 'tanda', 'ramadhan']"
99,2023-03-15 05:23:07+00:00,1635874242163257344,CentralMarketKL,0,0,"Usik-mengusik. Riang gumbira. Malar segar. Menggamit memori. Nostalgik. Inilah Ramadhan Raya di @CentralMarketKL

#CentralMarketKualaLumpur #PasarSeniStarterPack #disinilahirnyaCinta #pasarseni #centralmarket #kualalumpur #kualalumpurmalaysia #Raya2023 https://t.co/kW6PXpB1i7","['usikmengusik', 'riang', 'gumbira', 'malar', 'segar', 'menggamit', 'memori', 'nostalgik', 'inilah', 'ramadhan', 'raya', 'di']","['usikmengusik', 'riang', 'gumbira', 'malar', 'segar', 'menggamit', 'memori', 'nostalgik', 'ramadhan', 'raya']","['usikmengusik', 'riang', 'gumbira', 'malar', 'segar', 'gamit', 'memori', 'nostalgik', 'ramadhan', 'raya']"
100,2023-03-15 05:23:04+00:00,1635874232960688128,Utaratimes,0,0,"20 Contoh Tema Pesantren Kilat 2023, Kreatif, Menarik dan Mencerminkan Semangat Ramadhan 1444 H https://t.co/RSneCWvnV5","['contoh', 'tema', 'pesantren', 'kilat', 'kreatif', 'menarik', 'dan', 'mencerminkan', 'semangat', 'ramadhan']","['contoh', 'tema', 'pesantren', 'kilat', 'kreatif', 'menarik', 'mencerminkan', 'semangat', 'ramadhan']","['contoh', 'tema', 'pesantren', 'kilat', 'kreatif', 'tarik', 'cermin', 'semangat', 'ramadhan']"
